<?xml version="1.0" encoding="UTF-8"?>
<!DOCTYPE suite SYSTEM "https://testng.org/testng-1.0.dtd">
<suite thread-count="1" parallel="tests" name="Test4">
  <test thread-count="1" parallel="tests" name="PositiveAndNegativeTest">
	<groups>
<run>
<include name="Smoke"></include>
<include name="Regression"></include>
</run>
</groups>
 <classes>
      <class name="test.NegativeTestCases"/>
      <class name="test.PositiveTestCases"/>
    </classes>
  </test> <!-- PositiveAndNegativeTest -->
</suite> <!-- Test4 -->
